"FirstName","LastName","Email","Phone"
"Carol","Shaw","cshaw0@mlb.com","(206)804-8771"
"Elizabeth","Carr","ecarr1@oracle.com","(512)187-2507"
"Ernest","Ramos","eramos2@plala.or.jp","(816)540-4257"
"Jane","Carter","jcarter3@harvard.edu","(214)839-0542"
"Martha","Cooper","mcooper4@go.com","(727)235-5696"
"Patricia","Fox","pfox5@hubpages.com","(240)937-3491"
"Jack","Peters","jpeters6@java.com","(832)171-7210"
"Brian","Mcdonald","bmcdonald7@ft.com","(405)255-8820"
"Nicholas","Clark","nclark8@miibeian.gov.cn","(203)941-4125"
"Cheryl","Robinson","crobinson9@tuttocitta.it","(205)646-1280"
"Doris","Ramirez","dramireza@cbslocal.com","(574)199-9006"
"Sandra","Ortiz","sortizb@cloudflare.com","(757)407-9411"
"Timothy","Garrett","tgarrettc@cisco.com","(513)298-2899"
"Chris","Williamson","cwilliamsond@fotki.com","(505)896-8356"
"Norma","Scott","nscotte@dell.com","(612)432-2596"
"Brandon","Webb","bwebbf@fastcompany.com","(915)364-3590"
"Gloria","Armstrong","garmstrongh@unicef.org","(863)646-4449"
"Beverly","Meyer","bmeyeri@cyberchimps.com","(208)900-5215"
"Janice","Mitchell","jmitchellj@lycos.com","(360)759-7569"
"Ronald","Murphy","rmurphyk@yandex.ru","(303)447-5945"
"Ruby","Lawson","rlawsonl@ted.com","(361)927-9275"
"Jean","Palmer","jpalmerm@delicious.com","(402)166-3811"
"Shawn","Peters","spetersn@auda.org.au","(754)644-1728"
"Pamela","Welch","pwelcho@wordpress.com","(303)685-7506"
"Kathy","Alexander","kalexanderp@ebay.co.uk","(713)885-7289"
"Steven","Hawkins","shawkinsr@geocities.com","(386)399-7311"
"Randy","Gibson","rgibsons@jiathis.com","(202)482-9082"
"Arthur","Williams","awilliamst@cdc.gov","(210)398-3890"
"Justin","Gray","jgrayu@bravesites.com","(316)348-7229"
"Juan","Patterson","jpattersonv@google.ca","(239)586-8646"
"Tina","Perez","tperezw@goo.gl","(202)681-7649"
"Earl","Carter","ecarterx@foxnews.com","(585)898-4271"
"Kelly","Taylor","ktaylory@who.int","(612)375-7927"
"Doris","Watkins","dwatkinsz@odnoklassniki.ru","(615)146-9069"
"Rebecca","Graham","rgraham10@elegantthemes.com","(803)551-8204"
"Pamela","Myers","pmyers11@drupal.org","(904)437-0721"
"Lawrence","Hicks","lhicks12@friendfeed.com","(407)715-6328"
"Brian","Mccoy","bmccoy13@github.com","(605)640-2099"
"Diane","Perez","dperez14@illinois.edu","(801)689-1009"
"Elizabeth","Jordan","ejordan15@icq.com","(203)229-6571"
"Patrick","Young","pyoung16@blogs.com","(334)677-3271"
"Wayne","Bradley","wbradley17@answers.com","(843)376-4157"
"Anne","Hicks","ahicks18@dion.ne.jp","(518)284-3424"
"Steven","Gardner","sgardner19@foxnews.com","(804)195-7390"
"Donald","Jackson","djackson1a@hp.com","(203)197-6690"
"Michael","Marshall","mmarshall1b@buzzfeed.com","(316)177-7839"
"Wayne","Stanley","wstanley1c@washingtonpost.com","(216)106-9059"
"Emily","Watkins","ewatkins1d@bandcamp.com","(573)848-0093"
"Sean","Myers","smyers1e@dot.gov","(214)923-5599"
"Earl","Richards","erichards1f@google.nl","(281)133-3455"
"Brandon","Murray","bmurray1g@state.tx.us","(843)611-5603"
"Matthew","Jacobs","mjacobs1h@linkedin.com","(336)125-0595"
"Diane","Scott","dscott1i@ft.com","(616)994-9361"
"Sarah","Taylor","staylor1j@yandex.ru","(937)243-9631"
"Andrew","Nichols","anichols1k@time.com","(405)462-7126"
"Sarah","Cooper","scooper1l@nba.com","(812)331-9986"
"Benjamin","Fuller","bfuller1m@nytimes.com","(405)815-9421"
"Roger","Williamson","rwilliamson1n@businesswire.com","(915)549-5367"
"Keith","Duncan","kduncan1o@google.com.au","(806)318-7142"
"Diane","Bishop","dbishop1p@vk.com","(205)735-8066"
"Rebecca","Sanchez","rsanchez1q@cyberchimps.com","(916)849-0414"
"Jack","Turner","jturner1r@google.com.hk","(202)640-4186"
"Joshua","Jordan","jjordan1s@biblegateway.com","(405)850-1932"
"Jane","Meyer","jmeyer1t@deviantart.com","(480)411-9714"
"Thomas","Henderson","thenderson1u@theguardian.com","(718)593-8113"
"Brandon","Matthews","bmatthews1v@hostgator.com","(302)698-9570"
"Mark","Perkins","mperkins1w@amazon.com","(708)686-6103"
"Willie","Castillo","wcastillo1x@geocities.jp","(573)387-7555"
"Andrew","Foster","afoster1y@europa.eu","(901)947-0766"
"Andrew","Ortiz","aortiz1z@qq.com","(949)234-1512"
"Katherine","Butler","kbutler20@mediafire.com","(303)479-3187"
"Henry","Woods","hwoods21@fema.gov","(718)244-0223"
"Janet","Murphy","jmurphy22@php.net","(484)491-6418"
"Richard","Henderson","rhenderson23@360.cn","(703)668-7022"
"Antonio","Meyer","ameyer24@weather.com","(626)579-5161"
"Wayne","Robertson","wrobertson25@walmart.com","(202)264-0678"
"Cheryl","Sanchez","csanchez26@marketwatch.com","(612)423-1305"
"Michael","Green","mgreen27@google.co.jp","(330)828-1467"
"Shawn","Martin","smartin28@abc.net.au","(212)185-8360"
"Louise","Cook","lcook29@mozilla.org","(704)875-0555"
"Barbara","Olson","bolson2a@washington.edu","(727)616-5916"
"Dorothy","Meyer","dmeyer2b@weibo.com","(434)454-3896"
"Kathleen","Adams","kadams2c@thetimes.co.uk","(570)389-8270"
"Michael","Porter","mporter2d@statcounter.com","(516)204-5874"
"Todd","Reed","treed2e@furl.net","(951)162-0813"
"Marilyn","Murray","mmurray2f@webs.com","(915)548-3952"
"Tammy","Knight","tknight2g@friendfeed.com","(334)240-0352"
"Ryan","Scott","rscott2h@360.cn","(716)930-6015"
"Louise","Reed","lreed2i@slideshare.net","(518)351-9744"
"Antonio","Freeman","afreeman2j@blog.com","(410)684-0706"
"Steven","Hughes","shughes2k@biglobe.ne.jp","(754)430-9285"
"Barbara","Bell","bbell2l@google.pl","(213)127-0383"
"Brian","Shaw","bshaw2m@1688.com","(208)703-6496"
"Annie","Kelley","akelley2n@eventbrite.com","(402)519-6350"
"Charles","Gordon","cgordon2o@xrea.com","(803)622-2264"
"Amanda","Phillips","aphillips2q@mediafire.com","(330)724-4439"
"Janet","Perez","jperez2r@cbslocal.com","(817)516-6489"
"Janet","Kelley","jkelley2s@live.com","(305)539-5954"
"Joseph","Wagner","jwagner2t@typepad.com","(813)402-3213"
"Alice","Freeman","afreeman2u@time.com","(904)533-7110"
"Diane","Kelly","dkelly2v@fastcompany.com","(229)336-9527"
"Donald","Gilbert","dgilbert2w@irs.gov","(309)336-8606"
"Ryan","Rice","rrice2x@unc.edu","(714)794-8090"
"Chris","Wallace","cwallace2y@addtoany.com","(719)736-7848"
"Betty","Miller","bmiller2z@bravesites.com","(915)315-0516"
"Mark","Gray","mgray30@bluehost.com","(504)742-3582"
"Sarah","Webb","swebb31@cnn.com","(512)976-0804"
"Norma","Ramos","nramos32@jigsy.com","(813)475-8758"
"Benjamin","Garcia","bgarcia33@meetup.com","(254)943-5533"
"Frank","Castillo","fcastillo34@list-manage.com","(609)870-3651"
"Jerry","Chapman","jchapman35@slideshare.net","(623)450-0823"
"Albert","Fisher","afisher36@pbs.org","(859)821-7618"
"Juan","Price","jprice37@barnesandnoble.com","(202)808-7431"
"Michelle","Clark","mclark38@tinyurl.com","(203)601-7270"
"Sharon","Wallace","swallace39@jiathis.com","(919)179-3974"
"Lori","Walker","lwalker3a@nasa.gov","(940)804-0359"
"Henry","Roberts","hroberts3b@tumblr.com","(215)484-0202"
"Julia","Larson","jlarson3c@yandex.ru","(404)568-5137"
"Nancy","Garza","ngarza3d@mozilla.org","(602)157-9607"
"Denise","Burton","dburton3e@tuttocitta.it","(317)535-4775"
"Janet","Griffin","jgriffin3f@tmall.com","(562)747-2061"
"Amanda","Greene","agreene3g@imageshack.us","(702)984-3974"
"Jonathan","Gonzales","jgonzales3h@google.com","(202)641-2038"
"Eugene","Jones","ejones3i@independent.co.uk","(330)209-9549"
"Michael","Anderson","manderson3j@com.com","(316)313-9367"
"Jason","Rivera","jrivera3k@tamu.edu","(336)499-5334"
"Louise","Gray","lgray3l@wordpress.org","(202)238-9297"
"Rose","Frazier","rfrazier3m@walmart.com","(215)957-8575"
"Ronald","Larson","rlarson3n@pagesperso-orange.fr","(850)925-2402"
"Louis","Cunningham","lcunningham3o@bravesites.com","(309)839-6739"
"Kathryn","Perez","kperez3p@angelfire.com","(806)987-0504"
"Randy","Parker","rparker3q@reddit.com","(951)488-7542"
"Richard","Arnold","rarnold3r@nhs.uk","(206)737-6446"
"Shawn","Mendoza","smendoza3s@wikipedia.org","(786)928-4403"
"Christine","Cox","ccox3t@prweb.com","(716)524-0663"
"Patricia","Murray","pmurray3u@deviantart.com","(330)220-6719"
"Joyce","Rivera","jrivera3v@mail.ru","(213)844-6935"
"Earl","Carr","ecarr3w@noaa.gov","(702)362-6613"
"Lawrence","Kelley","lkelley3x@pen.io","(502)652-8141"
"Matthew","Gomez","mgomez3y@upenn.edu","(305)171-1156"
"Anthony","Jacobs","ajacobs3z@businesswire.com","(215)633-0705"
"Diane","Jenkins","djenkins40@nydailynews.com","(812)919-1806"
"Kimberly","Harvey","kharvey41@arstechnica.com","(718)977-2965"
"Joseph","Garcia","jgarcia42@stanford.edu","(754)478-7503"
"Antonio","Gutierrez","agutierrez43@moonfruit.com","(405)431-0433"
"Anna","Wallace","awallace44@mapquest.com","(941)539-8620"
"Harold","Young","hyoung45@google.com.au","(862)881-0790"
"Alice","Fisher","afisher46@wikipedia.org","(619)750-9376"
"Kathy","Duncan","kduncan47@naver.com","(251)503-2454"
"Mildred","Williams","mwilliams48@sun.com","(661)691-6057"
"Teresa","Reed","treed49@prnewswire.com","(619)152-4245"
"Anthony","King","aking4a@wp.com","(281)318-2460"
"Tina","Kelley","tkelley4b@slate.com","(214)711-7757"
"Ashley","Vasquez","avasquez4c@dailymail.co.uk","(904)224-2121"
"Ann","Woods","awoods4d@simplemachines.org","(915)107-9976"
"Daniel","Hicks","dhicks4e@kickstarter.com","(402)869-0401"
"Debra","Jones","djones4f@weibo.com","(914)467-2219"
"Norma","Lawson","nlawson4g@netlog.com","(215)213-8307"
"Elizabeth","Robertson","erobertson4h@state.tx.us","(210)219-3930"
"Paul","Ray","pray4i@sogou.com","(202)341-0847"
"Cynthia","Wallace","cwallace4j@themeforest.net","(386)362-3268"
"Larry","Burns","lburns4k@a8.net","(901)790-7398"
"Julia","Morrison","jmorrison4l@sciencedirect.com","(765)263-2600"
"Virginia","Romero","vromero4n@creativecommons.org","(401)279-0610"
"Anne","Campbell","acampbell4o@blogger.com","(262)720-2274"
"Beverly","Lee","blee4p@themeforest.net","(937)483-5590"
"Harold","Scott","hscott4q@goodreads.com","(312)537-8461"
"Lois","Edwards","ledwards4r@dagondesign.com","(586)930-0475"
"Mary","Reid","mreid4s@nationalgeographic.com","(803)297-6146"
"Emily","Patterson","epatterson4t@dailymotion.com","(254)842-1714"
"Jean","Stanley","jstanley4u@sogou.com","(971)114-7204"
"James","Watkins","jwatkins4v@discuz.net","(727)429-0276"
"Christopher","Ramos","cramos4w@sciencedirect.com","(406)105-5737"
"Jessica","Green","jgreen4x@foxnews.com","(210)732-4312"
"Michelle","Black","mblack4y@canalblog.com","(909)961-8703"
"Ernest","Thompson","ethompson4z@apple.com","(917)470-7912"
"Katherine","Johnston","kjohnston50@smugmug.com","(212)835-6059"
"Douglas","Dean","ddean51@yelp.com","(786)516-8021"
"Anne","Welch","awelch52@newsvine.com","(504)460-7093"
"Harold","Patterson","hpatterson53@amazon.de","(602)840-8521"
"Doris","Oliver","doliver54@aol.com","(215)992-5766"
"Rebecca","Wright","rwright55@shutterfly.com","(517)253-0435"
"Kenneth","Fox","kfox56@paginegialle.it","(928)349-0482"
"Samuel","Harper","sharper57@bloomberg.com","(314)303-6004"
"Jacqueline","Ryan","jryan58@dropbox.com","(407)731-3293"
"Teresa","Garcia","tgarcia59@friendfeed.com","(971)249-6572"
"Sarah","Matthews","smatthews5a@usatoday.com","(240)241-4667"
"Martin","Hicks","mhicks5b@topsy.com","(202)341-2663"
"Roger","Welch","rwelch5c@globo.com","(517)291-9112"
"Denise","Fernandez","dfernandez5d@dedecms.com","(509)137-0526"
"Jerry","Dixon","jdixon5e@ed.gov","(423)909-3890"
"Patrick","Rivera","privera5f@ning.com","(412)305-9063"
"Jack","Hudson","jhudson5g@wufoo.com","(956)915-8711"
"George","Cook","gcook5h@rediff.com","(616)962-6300"
"Johnny","Johnston","jjohnston5i@dion.ne.jp","(515)221-3729"
"Bruce","Perez","bperez5j@netlog.com","(801)710-8211"
"Joan","Brown","jbrown5k@prlog.org","(801)747-3037"
"Amanda","Morrison","amorrison5l@1688.com","(408)574-1126"
"Deborah","Kennedy","dkennedy5m@msn.com","(937)133-3235"
"Fred","Martinez","fmartinez5n@irs.gov","(202)976-3041"
"Laura","Chavez","lchavez5o@washington.edu","(401)680-8118"
"Jack","White","jwhite5p@google.com","(317)288-2348"
"Andrew","Lewis","alewis5q@sina.com.cn","(316)870-5446"
"Jack","Foster","jfoster5r@mozilla.com","(816)345-0538"
"Alice","Gutierrez","agutierrez5s@fda.gov","(785)635-5145"
"Bobby","Ray","bray5t@google.ca","(907)483-8188"
"Heather","Ellis","hellis5u@123-reg.co.uk","(410)265-3794"
"Karen","Porter","kporter5v@yandex.ru","(720)805-7418"
"Robert","Larson","rlarson5w@wikispaces.com","(504)853-5944"
"William","Murphy","wmurphy5x@uiuc.edu","(903)678-5276"
"Jerry","Collins","jcollins5y@tripod.com","(559)707-6751"
"Julia","Freeman","jfreeman5z@delicious.com","(513)390-4199"
"Denise","Armstrong","darmstrong60@mediafire.com","(850)138-2065"
"Ruth","Morris","rmorris61@whitehouse.gov","(405)986-4530"
"Johnny","Butler","jbutler62@yolasite.com","(786)743-1707"
"Tina","Jackson","tjackson63@narod.ru","(305)791-7531"
"Alan","Lawson","alawson64@livejournal.com","(816)804-1726"
"Denise","Myers","dmyers65@ucoz.com","(202)646-6358"
"Brenda","Day","bday66@myspace.com","(814)920-1804"
"Peter","Hall","phall67@ca.gov","(405)690-9653"
"Frank","Bell","fbell68@sbwire.com","(501)787-6038"
"George","Castillo","gcastillo69@360.cn","(865)335-3279"
"Margaret","Dunn","mdunn6a@topsy.com","(602)971-3895"
"Jason","Owens","jowens6b@wiley.com","(608)283-7109"
"Brenda","Kelly","bkelly6c@boston.com","(865)239-5945"
"Lillian","Green","lgreen6d@cdc.gov","(719)750-8514"
"Paula","Campbell","pcampbell6e@scientificamerican.com","(203)981-1637"
"Jessica","Dean","jdean6f@wiley.com","(336)567-4477"
"Jennifer","Davis","jdavis6g@elpais.com","(210)288-0844"
"Nicole","Hanson","nhanson6h@so-net.ne.jp","(361)164-4430"
"Lois","Warren","lwarren6i@intel.com","(205)922-6347"
"Wayne","Shaw","wshaw6j@cbsnews.com","(850)377-5441"
"Aaron","Robertson","arobertson6k@wunderground.com","(218)477-5056"
"Harry","Watkins","hwatkins6l@oracle.com","(217)811-0247"
"Michael","Johnston","mjohnston6m@prweb.com","(404)535-2335"
"Terry","Wood","twood6n@geocities.com","(210)847-1508"
"Daniel","Chapman","dchapman6o@163.com","(424)275-3503"
"Richard","Hart","rhart6p@qq.com","(603)699-0721"
"Patrick","Barnes","pbarnes6q@washingtonpost.com","(641)467-3797"
"Raymond","Brooks","rbrooks6r@desdev.cn","(810)307-5152"
"Peter","Anderson","panderson6s@ihg.com","(626)334-3126"
"Jessica","Grant","jgrant6t@psu.edu","(410)279-2385"
"Linda","Parker","lparker6u@hexun.com","(334)830-3103"
"Brandon","Elliott","belliott6v@yellowbook.com","(312)468-6917"
"Gloria","Marshall","gmarshall6w@bandcamp.com","(626)788-3519"
"Judith","Kelly","jkelly6x@abc.net.au","(510)477-7211"
"Jimmy","Johnston","jjohnston6y@lycos.com","(847)498-1986"
"Mark","Adams","madams6z@eepurl.com","(330)390-7984"
"Debra","Rice","drice70@jugem.jp","(941)187-2482"
"Kathy","Harris","kharris72@privacy.gov.au","(401)772-3797"
"Thomas","Carter","tcarter73@imdb.com","(915)404-8800"
"Frances","Fields","ffields74@edublogs.org","(410)601-3685"
"Jacqueline","Hawkins","jhawkins75@eventbrite.com","(602)640-6417"
"Janet","Morgan","jmorgan76@icq.com","(952)733-0296"
"Ruth","Garcia","rgarcia77@fc2.com","(215)987-0528"
"Carlos","Hicks","chicks78@upenn.edu","(330)596-3441"
"Juan","Wagner","jwagner79@ihg.com","(816)794-0480"
"Linda","Fields","lfields7a@cornell.edu","(804)662-9990"
"Lori","Wood","lwood7b@java.com","(615)919-7431"
"Stephen","Jacobs","sjacobs7c@dedecms.com","(803)274-2391"
"Randy","Williams","rwilliams7d@scientificamerican.com","(626)373-9914"
"Brandon","Black","bblack7e@com.com","(816)541-5044"
"Jonathan","Price","jprice7f@sohu.com","(225)386-6082"
"Brandon","Rose","brose7g@dailymotion.com","(520)692-8406"
"Daniel","Franklin","dfranklin7h@mapy.cz","(404)861-0120"
"Marie","Romero","mromero7i@fotki.com","(917)433-5318"
"Melissa","Wheeler","mwheeler7j@jimdo.com","(516)641-4662"
"Fred","Morris","fmorris7k@yandex.ru","(202)992-8383"
"Michael","Burke","mburke7l@spiegel.de","(765)699-6462"
"Sara","Phillips","sphillips7m@bloglovin.com","(804)171-1256"
"Angela","Hernandez","ahernandez7n@furl.net","(860)450-9884"
"Patricia","Carroll","pcarroll7o@jiathis.com","(661)496-7816"
"Emily","Ryan","eryan7p@dmoz.org","(754)154-3364"
"Joan","Stone","jstone7q@furl.net","(202)785-1176"
"Joshua","Rivera","jrivera7r@sakura.ne.jp","(202)351-0177"
"Amanda","Bowman","abowman7s@barnesandnoble.com","(816)919-3527"
"Stephen","Gray","sgray7t@kickstarter.com","(919)992-0939"
"Sean","Rodriguez","srodriguez7u@oakley.com","(813)971-9753"
"Sandra","Patterson","spatterson7v@unc.edu","(850)181-9843"
"Rose","Nichols","rnichols7w@princeton.edu","(516)516-9453"
"Stephanie","Wallace","swallace7x@ow.ly","(305)712-5316"
"Anthony","Carter","acarter7y@newyorker.com","(480)342-8896"
"Timothy","Powell","tpowell7z@ocn.ne.jp","(239)709-4562"
"Albert","Baker","abaker80@dagondesign.com","(202)605-5298"
"Jerry","Bailey","jbailey81@usgs.gov","(507)746-0956"
"Heather","Murphy","hmurphy82@wiley.com","(847)103-7136"
"Patricia","Perez","pperez83@hp.com","(814)169-5409"
"Brian","Sullivan","bsullivan84@multiply.com","(202)804-6133"
"Aaron","Taylor","ataylor85@pbs.org","(210)195-9947"
"Frances","Jones","fjones86@wired.com","(361)941-0866"
"Diana","Hicks","dhicks87@bloglovin.com","(513)289-6421"
"Thomas","Griffin","tgriffin88@smugmug.com","(801)631-7393"
"Jonathan","Turner","jturner89@fc2.com","(310)968-4752"
"Jeremy","Robinson","jrobinson8a@gnu.org","(616)146-1693"
"David","Robertson","drobertson8b@istockphoto.com","(404)982-4393"
"Joseph","Hernandez","jhernandez8c@csmonitor.com","(518)629-2427"
"Robin","Duncan","rduncan8d@about.me","(601)773-9702"
"Jonathan","West","jwest8e@com.com","(225)728-5202"
"Carolyn","Welch","cwelch8f@admin.ch","(206)968-7596"
"Laura","Henry","lhenry8g@dell.com","(718)549-9594"
"Dennis","Chapman","dchapman8h@arstechnica.com","(816)107-7514"
"Lisa","Cunningham","lcunningham8i@jiathis.com","(216)934-5320"
"Kimberly","Cole","kcole8j@usda.gov","(305)883-6358"
"Douglas","Gutierrez","dgutierrez8k@uiuc.edu","(901)577-9316"
"Laura","Daniels","ldaniels8l@huffingtonpost.com","(713)826-4245"
"Patricia","Palmer","ppalmer8m@umn.edu","(785)428-8929"
"Steven","Gonzalez","sgonzalez8n@diigo.com","(609)748-9885"
"Susan","Peterson","speterson8o@rambler.ru","(208)978-7534"
"Sean","Carpenter","scarpenter8q@theguardian.com","(818)140-3235"
"Bruce","Morrison","bmorrison8r@discovery.com","(414)780-5303"
"Martin","Stone","mstone8s@nhs.uk","(210)956-2029"
"Roger","Nichols","rnichols8t@jigsy.com","(217)758-7405"
"Gerald","Parker","gparker8u@bravesites.com","(865)227-4007"
"Rebecca","Garza","rgarza8v@toplist.cz","(202)118-9652"
"Henry","Edwards","hedwards8w@skype.com","(513)820-6199"
"Stephen","Jones","sjones8x@shop-pro.jp","(202)181-6945"
"Ernest","Hanson","ehanson8y@thetimes.co.uk","(516)756-1345"
"Keith","Nelson","knelson8z@wisc.edu","(202)724-6750"
"Anthony","Spencer","aspencer90@51.la","(214)254-6868"
"Randy","Richardson","rrichardson91@businessinsider.com","(202)898-2792"
"Gregory","Wagner","gwagner92@yellowpages.com","(302)507-5744"
"Bobby","Pierce","bpierce93@disqus.com","(615)858-9602"
"Steven","Kim","skim94@walmart.com","(573)555-4056"
"Andrew","Harris","aharris95@devhub.com","(414)973-9229"
"Gregory","Freeman","gfreeman96@github.io","(205)616-0582"
"Daniel","Cooper","dcooper97@csmonitor.com","(619)485-7418"
"Amanda","Ramirez","aramirez98@businessweek.com","(724)519-5401"
"Jacqueline","Green","jgreen99@squidoo.com","(865)613-4386"
"Virginia","Hall","vhall9a@mediafire.com","(714)785-5364"
"Judith","Chavez","jchavez9b@adobe.com","(619)586-9390"
"Joseph","Walker","jwalker9c@nature.com","(209)601-2243"
"Gerald","Mills","gmills9d@businessinsider.com","(937)460-2481"
"Lawrence","James","ljames9e@skype.com","(336)789-6594"
"Jeffrey","Stephens","jstephens9f@tumblr.com","(530)986-7515"
"Kathy","Clark","kclark9g@goodreads.com","(804)307-8698"
"Robin","Thompson","rthompson9h@engadget.com","(404)991-0545"
"Joan","Burns","jburns9i@bbb.org","(801)956-4231"
"Judy","Hamilton","jhamilton9j@liveinternet.ru","(321)165-6295"
"Ruth","Holmes","rholmes9k@un.org","(682)692-3345"
"Laura","Fuller","lfuller9l@360.cn","(808)364-8905"
"Henry","Jacobs","hjacobs9m@spotify.com","(989)402-9133"
"Theresa","Ross","tross9n@list-manage.com","(850)543-7557"
"James","Lawrence","jlawrence9o@gov.uk","(321)374-6492"
"Jonathan","Gutierrez","jgutierrez9p@bbc.co.uk","(901)660-5327"
"Janice","Lopez","jlopez9q@hao123.com","(202)720-2383"
"Joe","Perkins","jperkins9r@foxnews.com","(605)511-1142"
"Elizabeth","Harper","eharper9s@liveinternet.ru","(661)615-8413"
"Raymond","Payne","rpayne9t@alexa.com","(203)523-2847"
"Anna","Porter","aporter9u@nymag.com","(843)600-7378"
"Ernest","Long","elong9v@t.co","(720)382-1349"
"Gerald","Watkins","gwatkins9w@nature.com","(918)417-6466"
"Mary","Jacobs","mjacobs9x@artisteer.com","(240)789-6717"
"Susan","Bailey","sbailey9y@themeforest.net","(651)927-3301"
"Kimberly","Garrett","kgarrett9z@pen.io","(202)500-1660"
"Daniel","Riley","drileya0@zimbio.com","(210)454-9680"
"Albert","Cunningham","acunninghama1@quantcast.com","(603)279-6211"
"Gloria","Lopez","glopeza2@sakura.ne.jp","(208)824-4283"
"Sharon","Morrison","smorrisona3@unc.edu","(646)415-3322"
"Arthur","Andrews","aandrewsa4@360.cn","(417)821-4627"
"Jennifer","Payne","jpaynea5@lycos.com","(816)523-5509"
"Matthew","Turner","mturnera6@newyorker.com","(914)717-9386"
"Elizabeth","Little","elittlea7@eepurl.com","(540)540-6292"
"Billy","Roberts","brobertsa8@dropbox.com","(336)465-3765"
"Emily","Mitchell","emitchella9@cbsnews.com","(608)447-5137"
"Maria","Moore","mmooreaa@census.gov","(909)589-5273"
"Phyllis","Elliott","pelliottab@google.com","(347)781-9849"
"Theresa","Moreno","tmorenoac@privacy.gov.au","(347)422-3947"
"Ruth","Mitchell","rmitchellad@goo.ne.jp","(858)321-7848"
"Virginia","Robertson","vrobertsonae@newyorker.com","(559)550-3580"
"Marie","Fox","mfoxaf@washington.edu","(484)673-3879"
"Gerald","Harris","gharrisag@apache.org","(315)893-5102"
"Edward","Howell","ehowellah@sun.com","(585)503-8345"
"Barbara","Black","bblackai@wired.com","(918)786-8611"
"Aaron","Perry","aperryaj@altervista.org","(714)497-0043"
"Alan","Cooper","acooperak@github.io","(815)806-1855"
"Frances","Hamilton","fhamiltonal@infoseek.co.jp","(213)641-2115"
"Andrew","Ramos","aramosam@plala.or.jp","(214)532-8224"
"Sara","Henry","shenryan@webs.com","(713)137-4184"
"Kathryn","Armstrong","karmstrongao@diigo.com","(904)351-9615"
"Rebecca","Rose","rroseap@4shared.com","(919)408-6031"
"Billy","Martinez","bmartinezaq@vk.com","(210)548-4930"
"Jeffrey","Robertson","jrobertsonar@flickr.com","(915)896-1356"
"Sandra","Wells","swellsas@google.es","(419)864-5479"
"Willie","Lewis","wlewisat@slate.com","(217)975-8849"
"Jerry","Shaw","jshawau@alexa.com","(203)194-1501"
"Terry","Romero","tromeroav@macromedia.com","(832)147-8898"
"Jeremy","Day","jdayaw@gizmodo.com","(814)512-6644"
"Fred","Oliver","foliverax@jalbum.net","(786)698-2407"
"Brenda","Jenkins","bjenkinsay@vimeo.com","(205)605-4152"
"Joe","Dixon","jdixonaz@yahoo.co.jp","(804)216-5033"
"Debra","Adams","dadamsb0@marriott.com","(309)762-1940"
"Ernest","Carpenter","ecarpenterb1@earthlink.net","(479)531-2306"
"Ronald","Ryan","rryanb2@tripod.com","(301)407-6097"
"Peter","Dunn","pdunnb3@phpbb.com","(916)355-7304"
"Julia","Olson","jolsonb4@imageshack.us","(702)220-7009"
"Frances","Jones","fjonesb5@ebay.com","(502)999-9280"
"Irene","Meyer","imeyerb6@ihg.com","(443)248-7416"
"Carl","Armstrong","carmstrongb7@mlb.com","(610)567-0842"
"Michelle","Dean","mdeanb8@accuweather.com","(330)762-5039"
"Anne","James","ajamesb9@moonfruit.com","(434)648-0657"
"Donna","Austin","daustinba@latimes.com","(540)764-1677"
"Janet","Crawford","jcrawfordbb@desdev.cn","(202)609-4419"
"Randy","Gonzales","rgonzalesbc@imageshack.us","(650)617-6564"
"Bonnie","Grant","bgrantbd@dmoz.org","(415)734-3387"
"Jason","Morris","jmorrisbe@google.com.hk","(954)149-4128"
"Kenneth","Matthews","kmatthewsbf@businessinsider.com","(734)605-8550"
"Norma","Sanders","nsandersbg@guardian.co.uk","(234)961-6542"
"Debra","Johnston","djohnstonbh@nature.com","(806)126-9188"
"Ruby","Smith","rsmithbi@nifty.com","(517)273-3058"
"Emily","Lane","elanebj@psu.edu","(860)743-1903"
"Judith","Rice","jricebk@springer.com","(304)800-7671"
"Donald","Bryant","dbryantbl@live.com","(304)861-5442"
"Beverly","Ross","brossbm@tumblr.com","(202)100-8287"
"Adam","Warren","awarrenbn@seattletimes.com","(816)751-4811"
"Diana","Stewart","dstewartbo@auda.org.au","(804)924-8362"
"Timothy","Kelley","tkelleybp@discovery.com","(406)455-7552"
"Joan","Cruz","jcruzbq@parallels.com","(605)581-4469"
"Bonnie","Smith","bsmithbr@sina.com.cn","(406)848-0856"
"Susan","Rose","srosebs@netscape.com","(419)939-2052"
"William","Murray","wmurraybt@pen.io","(801)175-2713"
"Jeffrey","Fields","jfieldsbu@patch.com","(209)277-8099"
"Keith","Powell","kpowellbv@google.com.hk","(407)962-8461"
"Adam","Wood","awoodbw@so-net.ne.jp","(225)718-5504"
"Charles","Shaw","cshawbx@php.net","(915)348-4601"
"Joseph","Henderson","jhendersonby@godaddy.com","(862)405-9013"
"Christopher","Perez","cperezbz@taobao.com","(956)166-6480"
"Eric","Reed","ereedc0@marketwatch.com","(720)701-9224"
"Ann","Gordon","agordonc1@ehow.com","(214)640-5555"
"Martha","Bell","mbellc2@jalbum.net","(505)985-7610"
"Bruce","Simmons","bsimmonsc3@google.com.br","(540)250-7114"
"Terry","Flores","tfloresc4@eventbrite.com","(309)302-7907"
"Philip","Olson","polsonc5@clickbank.net","(515)709-3451"
"Terry","Hansen","thansenc6@yolasite.com","(303)194-8712"
"Denise","Simpson","dsimpsonc7@sina.com.cn","(508)177-0967"
"Tammy","Kennedy","tkennedyc8@buzzfeed.com","(253)574-7585"
"Russell","Parker","rparkerc9@instagram.com","(773)577-5762"
"Melissa","Greene","mgreeneca@artisteer.com","(561)285-8258"
"Roger","Ross","rrosscb@scientificamerican.com","(585)384-1593"
"Patrick","Snyder","psnydercc@tiny.cc","(904)947-9183"
"Rose","Martin","rmartincd@blogger.com","(860)996-6365"
"Todd","Evans","tevansce@canalblog.com","(205)630-9499"
"Sharon","Martin","smartincf@dell.com","(512)759-7202"
"Jerry","Vasquez","jvasquezcg@lycos.com","(203)203-5497"
"Phyllis","Ray","praych@vinaora.com","(501)824-6123"
"Patrick","Ross","prossci@usa.gov","(518)368-4965"
"Benjamin","Henry","bhenrycj@google.ca","(510)448-6416"
"Paul","Carpenter","pcarpenterck@nps.gov","(314)140-2700"
"Ronald","Gardner","rgardnercl@cam.ac.uk","(480)923-4726"
"Terry","Boyd","tboydcm@ucsd.edu","(260)551-6698"
"Sandra","Willis","swilliscn@shareasale.com","(602)137-5000"
"Bruce","Gonzales","bgonzalesco@indiatimes.com","(713)874-9892"
"Cynthia","Greene","cgreenecp@wired.com","(815)507-1888"
"Kimberly","Carpenter","kcarpentercq@boston.com","(512)786-9364"
"Brandon","Murray","bmurraycr@blinklist.com","(601)801-2195"
"Barbara","Castillo","bcastillocs@google.co.uk","(213)453-2569"
"Kelly","Campbell","kcampbellct@google.com.br","(213)990-4050"
"Emily","Parker","eparkercu@netlog.com","(775)482-0040"
"Wanda","Hart","whartcv@latimes.com","(520)140-5224"
"Catherine","Richards","crichardscw@sun.com","(904)561-7770"
"Gregory","Perez","gperezcx@e-recht24.de","(919)484-9651"
"Tina","Wagner","twagnercy@dropbox.com","(520)390-9334"
"Amanda","Brown","abrowncz@fc2.com","(304)955-9533"
"Sarah","Gray","sgrayd0@clickbank.net","(816)818-1111"
"Robert","Carr","rcarrd1@flavors.me","(510)889-6250"
"Patrick","Weaver","pweaverd2@hud.gov","(646)895-9070"
"Patricia","Lopez","plopezd3@ebay.co.uk","(936)725-7703"
"Theresa","Jacobs","tjacobsd4@bigcartel.com","(339)252-0050"
"Deborah","Sanchez","dsanchezd5@flickr.com","(214)164-2692"
"Stephanie","Reid","sreidd6@dailymotion.com","(713)155-1409"
"Douglas","Smith","dsmithd7@geocities.jp","(419)138-5668"
"Ralph","Burke","rburked8@bloomberg.com","(260)219-8499"
"Irene","Mills","imillsd9@domainmarket.com","(202)810-3501"
"Kevin","Burns","kburnsda@weather.com","(316)674-4376"
"Carol","Moreno","cmorenodb@tripadvisor.com","(402)429-0005"
"Thomas","Fisher","tfisherdc@creativecommons.org","(724)383-1510"
"Frank","Harper","fharperdd@artisteer.com","(916)164-4534"
"Thomas","Watkins","twatkinsde@wsj.com","(405)636-2338"
"Lois","Bailey","lbaileydf@amazon.de","(540)465-2290"
"Samuel","Dean","sdeandg@naver.com","(504)859-6848"
"Louise","Sanders","lsandersdh@blogspot.com","(510)730-7157"
"Harold","Hamilton","hhamiltondi@exblog.jp","(704)935-8575"
"Rebecca","James","rjamesdj@nationalgeographic.com","(864)431-5923"
"Lawrence","Campbell","lcampbelldk@photobucket.com","(323)821-5572"
"Joan","Carroll","jcarrolldl@princeton.edu","(816)641-2460"
"Heather","Green","hgreendm@google.fr","(781)145-6845"
"Cheryl","Thomas","cthomasdn@flickr.com","(706)554-3024"
"Tammy","Medina","tmedinado@prweb.com","(305)293-8233"
"Cheryl","Meyer","cmeyerdp@google.co.uk","(234)470-5514"
"Patrick","Nichols","pnicholsdq@techcrunch.com","(914)595-5517"
"Lillian","Brown","lbrowndr@altervista.org","(713)987-4016"
"Wayne","Holmes","wholmesds@twitter.com","(702)423-8349"
"Roger","Martinez","rmartinezdt@arizona.edu","(757)671-6822"
"Shawn","Shaw","sshawdu@cam.ac.uk","(408)867-9785"
"Willie","Hayes","whayesdv@uiuc.edu","(304)104-9558"
"Phyllis","Thomas","pthomasdw@storify.com","(919)965-4986"
"Lori","Harris","lharrisdx@ed.gov","(513)658-7232"
"Maria","Knight","mknightdy@elegantthemes.com","(518)601-6179"
"Sara","Greene","sgreenedz@upenn.edu","(256)576-0303"
"Christine","Garza","cgarzae0@harvard.edu","(857)340-7077"
"Victor","Bishop","vbishope1@cloudflare.com","(865)168-9847"
"Heather","Gardner","hgardnere2@nydailynews.com","(217)356-9483"
"Richard","Fox","rfoxe3@soup.io","(217)756-8116"
"Ann","Howell","ahowelle4@eepurl.com","(816)186-5810"
"Fred","Murray","fmurraye5@imageshack.us","(414)726-3059"
"Martin","Reid","mreide6@google.it","(773)826-7312"
"Eugene","Powell","epowelle7@cloudflare.com","(615)749-9599"
"Gerald","Bailey","gbaileye8@un.org","(209)696-6975"
"Steve","Snyder","ssnydere9@nba.com","(719)581-1405"
"Patricia","Hanson","phansonea@wired.com","(251)180-5140"
"Peter","Hansen","phanseneb@latimes.com","(202)950-5681"
"Barbara","Hansen","bhansenec@google.com.hk","(817)456-5787"
"Andrew","Jacobs","ajacobsed@sina.com.cn","(310)218-4850"
"Kimberly","Medina","kmedinaee@ucsd.edu","(208)841-8902"
"Jerry","Cruz","jcruzef@nytimes.com","(952)179-8266"
"Joan","Taylor","jtayloreg@sina.com.cn","(850)365-1386"
"Betty","Johnston","bjohnstoneh@istockphoto.com","(434)891-9736"
"Louise","Burns","lburnsei@google.com.br","(347)403-4522"
"Anna","Martinez","amartinezej@about.me","(213)627-9002"
"Johnny","Lee","jleeek@mit.edu","(812)950-4214"
"Wanda","Carroll","wcarrollel@blogtalkradio.com","(916)315-8275"
"Dorothy","Sanders","dsandersem@about.com","(303)426-2329"
"Julie","Romero","jromeroen@topsy.com","(202)561-9129"
"Patrick","Cole","pcoleeo@blogtalkradio.com","(209)355-6664"
"Rebecca","West","rwestep@cnet.com","(440)135-5809"
"Jessica","Perez","jperezeq@apple.com","(585)352-7177"
"Harry","Reed","hreeder@tamu.edu","(513)886-5885"
"Doris","Dean","ddeanes@typepad.com","(716)604-0353"
"Michelle","Scott","mscottet@nyu.edu","(408)971-5275"
"Julia","Griffin","jgriffineu@rakuten.co.jp","(304)874-0004"
"Jesse","Bell","jbellev@jigsy.com","(202)876-7320"
"Diane","Mills","dmillsew@ihg.com","(937)422-3768"
"Harold","Simpson","hsimpsonex@live.com","(919)573-9537"
"Todd","Rogers","trogersey@live.com","(917)571-0989"
"Denise","Hamilton","dhamiltonez@creativecommons.org","(251)108-6104"
"Tina","Banks","tbanksf0@scientificamerican.com","(816)540-5599"
"Evelyn","Hart","ehartf1@myspace.com","(229)910-9064"
"Charles","Green","cgreenf2@example.com","(760)538-0867"
"Joyce","Day","jdayf3@wix.com","(912)123-9318"
"Patrick","Gray","pgrayf4@examiner.com","(561)449-3694"
"Willie","Kennedy","wkennedyf5@edublogs.org","(404)921-5928"
"Tammy","Peterson","tpetersonf6@networkadvertising.org","(404)409-4764"
"Kathy","Gordon","kgordonf7@instagram.com","(408)752-6397"
"Timothy","Rivera","triveraf8@usda.gov","(918)804-5387"
"Helen","Adams","hadamsf9@dailymail.co.uk","(615)490-0736"
"Cynthia","Greene","cgreenefa@epa.gov","(402)613-1483"
"Randy","Gonzales","rgonzalesfb@ed.gov","(510)265-1836"
"John","Barnes","jbarnesfc@accuweather.com","(336)101-1687"
"Frank","Hansen","fhansenfd@dedecms.com","(602)588-6704"
"Frances","Holmes","fholmesfe@constantcontact.com","(504)810-1958"
"Howard","Bailey","hbaileyff@facebook.com","(817)233-8550"
"James","Wood","jwoodfg@yandex.ru","(320)994-5205"
"David","Hicks","dhicksfh@sohu.com","(718)236-8755"
"Betty","Johnson","bjohnsonfi@ucoz.ru","(559)928-6190"
"Pamela","Ward","pwardfj@tamu.edu","(404)338-6336"
"Virginia","Porter","vporterfk@sogou.com","(651)755-8900"
"Nancy","Walker","nwalkerfl@sphinn.com","(202)930-9428"
"Walter","Cooper","wcooperfm@state.tx.us","(559)229-5131"
"Pamela","Thomas","pthomasfn@hubpages.com","(559)996-6930"
"Frances","Ferguson","ffergusonfo@google.com","(770)864-4592"
"Jason","Johnson","jjohnsonfp@craigslist.org","(316)392-8779"
"Alan","Stephens","astephensfq@prnewswire.com","(304)416-4598"
"Tina","Larson","tlarsonfr@independent.co.uk","(937)160-0581"
"Susan","Stevens","sstevensfs@linkedin.com","(202)272-9949"
"Carl","Arnold","carnoldft@independent.co.uk","(903)841-8253"
"Sandra","Jones","sjonesfu@cornell.edu","(570)947-9113"
"Charles","Ross","crossfv@instagram.com","(919)853-5491"
"Sharon","Thompson","sthompsonfw@indiegogo.com","(941)937-9267"
"Ruby","Turner","rturnerfx@usda.gov","(502)839-5524"
"Juan","Lynch","jlynchfy@timesonline.co.uk","(336)954-1411"
"Amy","Lawson","alawsonfz@hubpages.com","(832)879-9712"
"Doris","Olson","dolsong0@topsy.com","(817)856-3451"
"Angela","Jones","ajonesg1@cbslocal.com","(212)701-1810"
"Samuel","Jordan","sjordang2@altervista.org","(434)586-2778"
"Todd","Carpenter","tcarpenterg3@google.es","(704)772-3519"
"Marie","Bowman","mbowmang4@addthis.com","(860)168-5569"
"Mary","Morris","mmorrisg5@g.co","(937)682-3904"
"Douglas","Banks","dbanksg6@dell.com","(217)145-5092"
"Lillian","Coleman","lcolemang7@uiuc.edu","(360)507-8837"
"Keith","Kelley","kkelleyg8@wikimedia.org","(413)894-8088"
"Robin","Berry","rberryg9@vistaprint.com","(810)372-5963"
"Beverly","Kennedy","bkennedyga@europa.eu","(516)422-6646"
"Irene","Phillips","iphillipsgb@wired.com","(304)865-6537"
"Jeffrey","Henderson","jhendersongc@google.com.au","(502)177-1864"
"Melissa","Gilbert","mgilbertgd@posterous.com","(513)663-8348"
"Dennis","Duncan","dduncange@cnbc.com","(515)863-3892"
"Katherine","Black","kblackgf@hud.gov","(202)974-1364"
"Melissa","Cox","mcoxgg@squidoo.com","(207)423-5752"
"Steven","Schmidt","sschmidtgh@seesaa.net","(713)776-6912"
"Rose","Hamilton","rhamiltongi@weebly.com","(239)135-3055"
"Stephen","Davis","sdavisgj@vinaora.com","(517)534-7824"
"Sean","Nelson","snelsongk@twitter.com","(203)546-5870"
"Clarence","Washington","cwashingtongl@abc.net.au","(754)192-1724"
"Robert","Perry","rperrygm@engadget.com","(734)798-3185"
"Doris","Riley","drileygn@alexa.com","(361)745-7797"
"Billy","Andrews","bandrewsgo@economist.com","(210)359-3328"
"Ruby","Black","rblackgp@foxnews.com","(202)414-8311"
"Teresa","Flores","tfloresgq@columbia.edu","(318)988-7907"
"Patrick","Fisher","pfishergr@rakuten.co.jp","(404)859-9762"
"Christopher","Brooks","cbrooksgs@nbcnews.com","(610)485-6596"
"Sean","Carroll","scarrollgt@fema.gov","(352)438-0651"
"Walter","Wood","wwoodgu@about.me","(281)492-3042"
"Tammy","Shaw","tshawgv@imdb.com","(512)215-1263"
"Chris","Martinez","cmartinezgw@histats.com","(319)178-6700"
"Patrick","Chavez","pchavezgx@ning.com","(515)526-7060"
"Julie","Schmidt","jschmidtgy@google.com","(704)125-2521"
"Kathryn","Nguyen","knguyengz@yahoo.co.jp","(860)863-6657"
"Anthony","Collins","acollinsh0@latimes.com","(662)767-0292"
"Eugene","Gilbert","egilberth1@go.com","(916)525-1164"
"Kimberly","Moreno","kmorenoh2@chronoengine.com","(718)740-5278"
"Victor","Olson","volsonh3@baidu.com","(414)456-4740"
"Frank","Gomez","fgomezh4@wunderground.com","(857)664-8537"
"Catherine","Pierce","cpierceh5@phoca.cz","(202)116-9446"
"Doris","Anderson","dandersonh6@creativecommons.org","(281)272-2846"
"Jeremy","Gordon","jgordonh7@businesswire.com","(360)928-7253"
"Joan","Berry","jberryh8@amazon.co.jp","(214)141-6608"
"Margaret","Robinson","mrobinsonh9@senate.gov","(318)845-5129"
"Adam","Ellis","aellisha@usnews.com","(682)338-0208"
"Frances","Meyer","fmeyerhb@harvard.edu","(415)538-4552"
"Russell","Wood","rwoodhc@qq.com","(302)492-2190"
"Deborah","Gray","dgrayhd@loc.gov","(520)713-7339"
"Louise","Hamilton","lhamiltonhe@last.fm","(937)571-9594"
"Denise","Sanchez","dsanchezhf@netlog.com","(706)824-3110"
"Kathleen","Rogers","krogershg@zdnet.com","(515)822-2977"
"Rachel","Boyd","rboydhh@thetimes.co.uk","(202)450-4291"
"Jacqueline","Griffin","jgriffinhi@walmart.com","(651)483-7688"
"Shawn","Wright","swrighthj@miibeian.gov.cn","(334)694-8178"
"Harry","Harper","hharperhk@opensource.org","(713)110-3963"
"Phillip","Crawford","pcrawfordhl@buzzfeed.com","(202)386-0610"
"Cynthia","Howard","chowardhm@epa.gov","(210)701-8473"
"Marilyn","Andrews","mandrewshn@washington.edu","(816)860-2489"
"Rachel","Rivera","rriveraho@phpbb.com","(419)362-4915"
"Willie","Lee","wleehp@baidu.com","(816)364-4661"
"Lawrence","Hudson","lhudsonhq@yandex.ru","(804)398-5994"
"Kenneth","Patterson","kpattersonhr@miibeian.gov.cn","(512)244-7041"
"Nancy","Garcia","ngarciahs@i2i.jp","(408)415-3482"
"Mark","Ward","mwardht@theatlantic.com","(786)689-2922"
"William","Clark","wclarkhu@aboutads.info","(913)582-8545"
"Kelly","Martinez","kmartinezhv@umn.edu","(718)377-9332"
"Betty","Jacobs","bjacobshw@si.edu","(816)628-2977"
"Kelly","Williams","kwilliamshx@printfriendly.com","(202)603-2761"
"Carol","Reed","creedhy@google.ca","(773)201-3337"
"Earl","Taylor","etaylorhz@wisc.edu","(915)797-9070"
"Mildred","Richardson","mrichardsoni0@cnbc.com","(816)113-5228"
"Edward","Berry","eberryi1@hp.com","(515)209-4236"
"Robin","Brooks","rbrooksi2@phoca.cz","(540)508-5977"
"Paula","Gibson","pgibsoni3@ow.ly","(903)430-0030"
"Arthur","Myers","amyersi4@hc360.com","(571)780-6633"
"Denise","Davis","ddavisi5@linkedin.com","(512)109-3941"
"Alice","Sanders","asandersi6@toplist.cz","(202)605-2723"
"Tammy","Vasquez","tvasquezi7@sphinn.com","(256)345-5732"
"Karen","Wright","kwrighti8@vistaprint.com","(813)981-7616"
"Jimmy","Henderson","jhendersoni9@vinaora.com","(202)512-5462"
"Louis","Martin","lmartinia@is.gd","(310)967-0344"
"Ernest","Wilson","ewilsonib@latimes.com","(859)252-4340"
"Evelyn","Ellis","eellisic@psu.edu","(907)119-3322"
"Howard","Burke","hburkeid@msn.com","(718)385-9466"
"Louis","Hicks","lhicksie@goodreads.com","(205)586-3322"
"Nancy","Robinson","nrobinsonif@t-online.de","(405)564-2966"
"Albert","Lawrence","alawrenceig@google.com.hk","(312)943-2951"
"Antonio","Watson","awatsonih@earthlink.net","(321)430-8108"
"Joe","Fowler","jfowlerii@vk.com","(321)636-1688"
"Debra","Walker","dwalkerij@apache.org","(646)304-5175"
"Ruby","Rice","rriceik@mac.com","(212)412-7951"
"Paul","Ramirez","pramirezil@deliciousdays.com","(479)263-1129"
"Lori","Vasquez","lvasquezim@indiegogo.com","(806)982-8354"
"Cynthia","Gilbert","cgilbertin@telegraph.co.uk","(713)326-4721"
"Nicole","Snyder","nsnyderio@usda.gov","(408)716-1378"
"Amanda","Long","alongip@wikia.com","(612)371-9804"
"Donna","Stanley","dstanleyiq@biglobe.ne.jp","(254)351-4403"
"Julie","Peterson","jpetersonir@vkontakte.ru","(814)820-6855"
"Marilyn","Arnold","marnoldis@flavors.me","(678)593-8012"
"Kathryn","Martinez","kmartinezit@nba.com","(330)303-3626"
"Earl","Peterson","epetersoniu@g.co","(440)324-2855"
"Denise","Fox","dfoxiv@theatlantic.com","(707)972-6734"
"Marilyn","Gomez","mgomeziw@xrea.com","(408)821-8420"
"Ruby","Young","ryoungix@cyberchimps.com","(609)672-8047"
"Barbara","Watkins","bwatkinsiy@netlog.com","(915)561-5055"
"Brandon","Adams","badamsiz@deviantart.com","(812)442-2232"
"Gloria","Moreno","gmorenoj0@amazon.co.jp","(559)402-2637"
"Karen","Turner","kturnerj1@bing.com","(713)789-6151"
"Denise","Murray","dmurrayj2@soundcloud.com","(301)833-0082"
"Martha","Gilbert","mgilbertj3@360.cn","(850)836-3389"
"Ruby","Freeman","rfreemanj4@ucsd.edu","(212)237-2983"
"Ronald","Grant","rgrantj5@live.com","(619)199-4597"
"Amanda","Gilbert","agilbertj6@fastcompany.com","(713)219-5928"
"Nancy","Graham","ngrahamj7@va.gov","(904)187-0059"
"Gerald","Gomez","ggomezj8@deliciousdays.com","(682)468-8610"
"Roger","Murray","rmurrayj9@fema.gov","(312)750-4407"
"George","Dunn","gdunnja@hud.gov","(404)646-1207"
"Ernest","Mcdonald","emcdonaldjb@friendfeed.com","(404)834-5922"
"Denise","Lane","dlanejc@europa.eu","(510)615-9072"
"Donna","Little","dlittlejd@columbia.edu","(816)241-9475"
"Lillian","Alexander","lalexanderje@mysql.com","(716)979-6531"
"Jean","Gutierrez","jgutierrezjf@cbslocal.com","(561)250-9235"
"Kenneth","Lawrence","klawrencejg@mapquest.com","(202)715-2060"
"Diane","King","dkingjh@answers.com","(928)957-9033"
"Mary","Snyder","msnyderji@mapy.cz","(405)536-8280"
"Gregory","Young","gyoungjj@intel.com","(307)823-9169"
"Deborah","Nguyen","dnguyenjk@instagram.com","(616)969-4556"
"Andrea","Young","ayoungjl@infoseek.co.jp","(561)198-4387"
"Lois","Foster","lfosterjm@de.vu","(713)945-9305"
"Barbara","Torres","btorresjn@twitpic.com","(202)687-9513"
"Linda","Morrison","lmorrisonjo@symantec.com","(970)190-3152"
"Susan","Willis","swillisjp@amazonaws.com","(785)746-9476"
"Diane","Howard","dhowardjq@noaa.gov","(612)534-3865"
"Paula","Lopez","plopezjr@google.nl","(801)811-1374"
"Ralph","Lawson","rlawsonjs@yandex.ru","(814)654-4518"
"Kevin","Hughes","khughesjt@t-online.de","(713)768-5330"
"Gloria","Harper","gharperju@bing.com","(616)150-3662"
"Kelly","Banks","kbanksjv@sina.com.cn","(314)222-4886"
"Anthony","Bailey","abaileyjw@indiatimes.com","(256)268-1987"
"Matthew","Dixon","mdixonjx@whitehouse.gov","(904)420-3124"
"Jack","Harvey","jharveyjy@phpbb.com","(202)541-5120"
"Jesse","Smith","jsmithjz@4shared.com","(832)484-2374"
"Eric","Dunn","edunnk0@soundcloud.com","(704)190-5229"
"Marilyn","Reynolds","mreynoldsk1@reverbnation.com","(404)562-9590"
"Mary","Foster","mfosterk2@usgs.gov","(205)670-5118"
"Diane","Ray","drayk3@baidu.com","(317)749-5745"
"Sarah","Baker","sbakerk4@prlog.org","(860)272-6382"
"Ronald","Richardson","rrichardsonk5@hp.com","(305)103-6122"
"Joan","Murray","jmurrayk6@indiegogo.com","(267)778-4141"
"Kathleen","Peterson","kpetersonk7@acquirethisname.com","(312)814-8875"
"Joyce","Burke","jburkek8@unesco.org","(409)438-0979"
"Theresa","Myers","tmyersk9@freewebs.com","(919)844-3298"
"Paul","Ferguson","pfergusonka@businessinsider.com","(212)271-0829"
"Brian","Cunningham","bcunninghamkb@privacy.gov.au","(909)813-5270"
"Samuel","George","sgeorgekc@goo.gl","(702)445-8532"
"Mary","Ross","mrosskd@patch.com","(419)775-2890"
"Virginia","Wheeler","vwheelerke@bloomberg.com","(940)887-2847"
"Deborah","Wilson","dwilsonkf@china.com.cn","(915)486-5303"
"Julie","Wheeler","jwheelerkg@sun.com","(260)287-9608"
"Adam","Long","alongkh@t-online.de","(915)836-9929"
"Irene","Chavez","ichavezki@slideshare.net","(215)775-2451"
"Jose","Franklin","jfranklinkj@senate.gov","(804)503-7989"
"Diane","Carter","dcarterkk@mozilla.com","(405)701-0478"
"Debra","Peterson","dpetersonkl@live.com","(904)285-5032"
"Carol","James","cjameskm@addtoany.com","(801)143-2117"
"Joshua","Carpenter","jcarpenterkn@about.com","(407)772-0490"
"Anne","Johnston","ajohnstonko@toplist.cz","(405)336-9713"
"Judy","Jenkins","jjenkinskp@sfgate.com","(202)382-9327"
"Julie","Mills","jmillskq@desdev.cn","(717)379-1959"
"Denise","Howell","dhowellkr@toplist.cz","(813)334-7435"
"Marie","Mendoza","mmendozaks@pbs.org","(212)891-8973"
"Randy","Dunn","rdunnkt@china.com.cn","(214)673-9266"
"Dorothy","Robinson","drobinsonku@1688.com","(316)534-6651"
"Scott","White","swhitekv@sfgate.com","(989)236-2465"
"Jeremy","Castillo","jcastillokw@bloomberg.com","(612)112-5987"
"Richard","Castillo","rcastillokx@mozilla.org","(850)891-3625"
"Angela","Allen","aallenky@irs.gov","(305)232-8816"
"Julie","Banks","jbankskz@themeforest.net","(763)270-5690"
"James","Elliott","jelliottl0@mozilla.org","(408)142-4258"
"Maria","Gonzalez","mgonzalezl1@examiner.com","(202)652-0832"
"Joshua","Lewis","jlewisl2@mapy.cz","(813)948-0327"
"Mildred","Castillo","mcastillol3@statcounter.com","(954)655-7021"
"Martha","Howard","mhowardl4@geocities.com","(979)869-1455"
"Joseph","Cook","jcookl5@blogger.com","(612)252-9382"
"Antonio","Evans","aevansl6@istockphoto.com","(919)662-2565"
"Brian","Perez","bperezl7@wisc.edu","(617)600-3346"
"Larry","Black","lblackl8@google.it","(515)230-0213"
"Teresa","Carr","tcarrl9@tamu.edu","(254)289-6642"
"Frank","Montgomery","fmontgomeryla@nymag.com","(626)355-6362"
"Carolyn","Fields","cfieldslb@paginegialle.it","(937)501-3287"
"John","Scott","jscottlc@tiny.cc","(302)143-9476"
"Bruce","Hall","bhallld@narod.ru","(915)641-0402"
"Scott","Martin","smartinle@seattletimes.com","(225)237-0696"
"Phillip","Hunt","phuntlf@theatlantic.com","(908)164-4310"
"Ryan","Austin","raustinlg@ft.com","(573)129-9163"
"Robert","Franklin","rfranklinlh@ow.ly","(915)800-5719"
"Marilyn","Bell","mbellli@storify.com","(206)138-7598"
"Heather","Ray","hraylj@opera.com","(303)756-4832"
"Cynthia","Burns","cburnslk@state.gov","(602)205-9709"
"Timothy","Green","tgreenll@boston.com","(937)966-8815"
"Scott","Robinson","srobinsonlm@pcworld.com","(202)196-5521"
"Judith","Banks","jbanksln@reuters.com","(904)791-4505"
"Phyllis","Day","pdaylo@booking.com","(336)268-7406"
"Sara","Warren","swarrenlp@icq.com","(651)278-8268"
"Mildred","Payne","mpaynelq@rakuten.co.jp","(206)634-5126"
"Melissa","Hernandez","mhernandezlr@oaic.gov.au","(334)547-4958"
"Anne","Barnes","abarnesls@yolasite.com","(806)865-4134"
"Stephen","Cook","scooklt@dropbox.com","(239)118-6129"
"Paul","Little","plittlelu@mediafire.com","(612)627-3955"
"Daniel","Rivera","driveralv@google.com.au","(606)839-3087"
"Lori","Harris","lharrislw@mediafire.com","(301)595-2657"
"Keith","Johnson","kjohnsonlx@wikispaces.com","(404)686-0215"
"Martha","Smith","msmithly@alexa.com","(513)914-5441"
"Cheryl","Simmons","csimmonslz@washingtonpost.com","(212)772-6071"
"Angela","Schmidt","aschmidtm0@nymag.com","(479)265-0242"
"Christopher","Williamson","cwilliamsonm1@columbia.edu","(512)405-9136"
"Randy","Parker","rparkerm2@shutterfly.com","(937)524-2424"
"Carolyn","Clark","cclarkm3@usgs.gov","(213)343-3558"
"Alan","Anderson","aandersonm4@wikispaces.com","(936)915-0820"
"Henry","Reynolds","hreynoldsm5@businessweek.com","(602)949-5412"
"Henry","Chavez","hchavezm6@taobao.com","(509)718-8037"
"Keith","Castillo","kcastillom7@hostgator.com","(719)834-9625"
"Patrick","Reyes","preyesm8@amazon.de","(901)837-6284"
"Gerald","Nelson","gnelsonm9@sourceforge.net","(843)445-4993"
"Gerald","Gilbert","ggilbertma@deliciousdays.com","(912)689-7216"
"Christina","Knight","cknightmb@cargocollective.com","(859)390-1291"
"Scott","Burke","sburkemc@ustream.tv","(413)295-7391"
"Brenda","Daniels","bdanielsmd@wp.com","(469)536-7166"
"Ruth","Stephens","rstephensme@nps.gov","(513)504-6443"
"Jason","Ellis","jellismf@blogs.com","(314)196-8114"
"Christine","Rivera","criveramg@cornell.edu","(919)319-4072"
"Linda","Morris","lmorrismh@360.cn","(281)735-0478"
"Andrea","Welch","awelchmi@zimbio.com","(316)703-8874"
"Bobby","Nelson","bnelsonmj@baidu.com","(318)902-8628"
"Rose","Hayes","rhayesmk@un.org","(901)126-4679"
"Karen","Welch","kwelchml@4shared.com","(651)733-6235"
"Deborah","Spencer","dspencermm@mozilla.org","(812)501-6857"
"Louise","Jones","ljonesmn@dropbox.com","(336)546-6889"
"Melissa","Rose","mrosemo@slashdot.org","(316)380-4094"
"Emily","Reyes","ereyesmp@bluehost.com","(253)653-7165"
"Jimmy","Kennedy","jkennedymq@jimdo.com","(480)117-8104"
"Amanda","Pierce","apiercemr@google.pl","(864)191-7994"
"Wayne","Howell","whowellms@fastcompany.com","(480)281-8498"
"Gregory","Wood","gwoodmt@cisco.com","(916)540-8979"
"Todd","Wood","twoodmu@yahoo.co.jp","(254)248-1120"
"Brandon","Boyd","bboydmv@spiegel.de","(951)355-4942"
"Harry","Edwards","hedwardsmw@nytimes.com","(801)893-2797"
"Gary","Ferguson","gfergusonmx@theatlantic.com","(919)591-4857"
"Julia","Perkins","jperkinsmy@imageshack.us","(719)922-0708"
"Thomas","Cunningham","tcunninghammz@webeden.co.uk","(360)874-5676"
"Martha","Coleman","mcolemann0@examiner.com","(469)300-8723"
"Shawn","Adams","sadamsn1@seesaa.net","(916)109-2693"
"Diane","Jackson","djacksonn2@multiply.com","(716)909-4234"
"Donald","Larson","dlarsonn3@about.com","(952)829-0189"
"Shirley","Harvey","sharveyn4@indiegogo.com","(801)545-2069"
"Roy","Meyer","rmeyern5@histats.com","(954)237-1058"
"Debra","Phillips","dphillipsn6@multiply.com","(713)890-9741"
"Catherine","Hart","chartn7@amazonaws.com","(904)176-0788"
"Paula","Collins","pcollinsn8@telegraph.co.uk","(202)297-7367"
"Adam","Sullivan","asullivann9@alibaba.com","(202)297-6879"
"Jesse","Jones","jjonesna@epa.gov","(260)712-5305"
"Christopher","Ross","crossnb@bbb.org","(843)383-9749"
"Heather","White","hwhitenc@godaddy.com","(717)512-3354"
"Chris","Moreno","cmorenond@mac.com","(907)709-6086"
"Gerald","Green","ggreenne@wisc.edu","(203)541-4782"
"Johnny","Ruiz","jruiznf@nba.com","(202)731-4171"
"Carlos","Morales","cmoralesng@ed.gov","(517)792-4134"
"Gloria","Ramos","gramosnh@xing.com","(646)144-6692"
"Lawrence","Sanchez","lsanchezni@prlog.org","(415)283-9050"
"Philip","Hayes","phayesnj@adobe.com","(510)315-1807"
"George","Ortiz","gortiznk@dropbox.com","(508)876-5965"
"Lois","Andrews","landrewsnl@tripadvisor.com","(915)181-3084"
"Russell","Lawson","rlawsonnm@ebay.com","(979)278-7081"
"Richard","George","rgeorgenn@usda.gov","(614)750-2828"
"Cheryl","Moore","cmooreno@networksolutions.com","(253)648-0305"
"Sarah","Sims","ssimsnp@issuu.com","(619)409-5898"
"Lori","Little","llittlenq@alibaba.com","(702)579-9171"
"Lawrence","Johnston","ljohnstonnr@quantcast.com","(601)855-5614"
"Andrew","Nelson","anelsonns@networkadvertising.org","(719)143-5942"
"Jeremy","Fields","jfieldsnt@nydailynews.com","(757)236-2329"
"Shawn","Palmer","spalmernu@scientificamerican.com","(212)831-9820"
"Laura","Rice","lricenv@hatena.ne.jp","(281)968-6949"
"Justin","Hunt","jhuntnw@ox.ac.uk","(240)466-3332"
"Margaret","Myers","mmyersnx@comcast.net","(612)666-3759"
"Clarence","Hicks","chicksny@webs.com","(415)609-4474"
"Billy","Lawrence","blawrencenz@mashable.com","(402)518-9119"
"Emily","Stevens","estevenso0@yellowbook.com","(215)503-0055"
"Anthony","Bradley","abradleyo1@pagesperso-orange.fr","(806)783-0049"
"Joe","Smith","jsmitho2@4shared.com","(817)730-2779"
"Juan","Thompson","jthompsono3@ibm.com","(650)559-0577"
"Steven","Taylor","stayloro4@desdev.cn","(570)788-6415"
"Jerry","Hudson","jhudsono5@webnode.com","(912)410-8851"
"Michelle","Wheeler","mwheelero6@yellowbook.com","(763)107-5772"
"Pamela","Carpenter","pcarpentero7@google.co.uk","(803)537-1843"
"Jennifer","Porter","jportero8@com.com","(504)249-1112"
"Sharon","Harper","sharpero9@w3.org","(864)382-1624"
"Rose","Cooper","rcooperoa@t.co","(309)274-6913"
"Howard","Ortiz","hortizob@psu.edu","(202)346-9226"
"Joan","Bryant","jbryantoc@reddit.com","(770)306-6840"
"Christopher","Brooks","cbrooksod@sphinn.com","(719)255-4327"
"Karen","Frazier","kfrazieroe@trellian.com","(714)473-9512"
"Wanda","Graham","wgrahamof@deviantart.com","(505)229-4521"
"Theresa","Bennett","tbennettog@gizmodo.com","(608)730-9648"
"Debra","Black","dblackoh@statcounter.com","(727)560-2767"
"Karen","Martin","kmartinoi@4shared.com","(602)582-9988"
"Elizabeth","Hanson","ehansonoj@slate.com","(772)607-9944"
"Diana","Allen","dallenok@quantcast.com","(317)507-2269"
"Steven","Cooper","scooperol@go.com","(231)475-2348"
"Joseph","Bradley","jbradleyom@baidu.com","(513)983-2239"
"Kathy","Reynolds","kreynoldson@washingtonpost.com","(202)487-0796"
"Pamela","Kim","pkimoo@go.com","(806)242-1871"
"Jerry","Ruiz","jruizop@blog.com","(614)546-6274"
"Gary","Richards","grichardsoq@craigslist.org","(520)139-9228"
"Joyce","Wagner","jwagneror@umn.edu","(816)768-1231"
"Robin","Sullivan","rsullivanos@discovery.com","(414)359-1936"
"Joan","Duncan","jduncanot@linkedin.com","(540)214-6305"
"George","Flores","gfloresou@yellowpages.com","(858)100-2220"
"Gerald","Roberts","grobertsov@nba.com","(213)965-8789"
"Carlos","Gardner","cgardnerow@mlb.com","(307)768-6760"
"Sean","Bailey","sbaileyox@archive.org","(213)412-9669"
"Kenneth","Hunter","khunteroy@edublogs.org","(208)643-8976"
"Randy","Harper","rharperoz@pbs.org","(509)734-6981"
"Victor","Woods","vwoodsp0@blogtalkradio.com","(786)720-8933"
"Tammy","Scott","tscottp1@jugem.jp","(318)903-6631"
"Shawn","Bennett","sbennettp2@mail.ru","(610)909-8789"
"Judy","Spencer","jspencerp3@va.gov","(312)820-7574"
"Joseph","Lynch","jlynchp4@state.tx.us","(212)660-9633"
"Daniel","Sims","dsimsp5@goo.gl","(713)739-9747"
"Wanda","Brooks","wbrooksp6@1und1.de","(908)574-9985"
"Tina","Lee","tleep7@noaa.gov","(661)870-2327"
"Todd","King","tkingp8@hao123.com","(202)343-7248"
"Willie","Robinson","wrobinsonp9@comcast.net","(763)915-6003"
"Norma","Williamson","nwilliamsonpa@sun.com","(218)893-2487"
"Gary","Bishop","gbishoppb@github.io","(910)564-9174"
"Jean","Young","jyoungpc@cbslocal.com","(256)847-2003"
"Richard","Rose","rrosepd@sitemeter.com","(321)504-0629"
"Harry","Dean","hdeanpe@bloglovin.com","(318)244-8339"
"Pamela","Schmidt","pschmidtpf@gnu.org","(619)338-7692"
"Alan","Lane","alanepg@mapquest.com","(708)597-3506"
"Helen","Moreno","hmorenoph@upenn.edu","(915)835-7090"
"Patricia","Henderson","phendersonpi@alibaba.com","(562)402-8324"
"Rose","Jenkins","rjenkinspj@gov.uk","(862)230-5426"
"Paul","Meyer","pmeyerpk@zdnet.com","(262)654-3933"
"Michelle","Harris","mharrispl@time.com","(901)549-6148"
"Christine","Castillo","ccastillopm@trellian.com","(202)224-4347"
"Andrea","Frazier","afrazierpn@quantcast.com","(805)315-3961"
"Jessica","King","jkingpo@simplemachines.org","(205)328-8301"
"Judy","Watson","jwatsonpp@photobucket.com","(419)631-9431"
"Susan","Austin","saustinpq@springer.com","(515)642-0431"
"Arthur","Harper","aharperpr@usda.gov","(757)953-4177"
"Timothy","Kim","tkimps@sciencedirect.com","(248)248-4484"
"David","Myers","dmyerspt@jugem.jp","(208)541-2841"
"Patricia","Stone","pstonepu@spotify.com","(574)190-3953"
"Helen","Hughes","hhughespv@shinystat.com","(919)847-6672"
"Jane","Ford","jfordpw@nba.com","(937)251-7782"
"Catherine","Riley","crileypx@sun.com","(605)720-9738"
"Cynthia","Johnston","cjohnstonpy@blog.com","(212)389-0231"
"Robin","Sims","rsimspz@jugem.jp","(312)969-2913"
"Gary","Sims","gsimsq0@soundcloud.com","(862)467-4697"
"Joshua","Crawford","jcrawfordq1@ocn.ne.jp","(336)767-0890"
"Robert","Anderson","randersonq2@desdev.cn","(504)391-4512"
"William","Harper","wharperq3@blogger.com","(614)226-5685"
"Adam","Patterson","apattersonq4@prlog.org","(716)296-8015"
"Jane","Daniels","jdanielsq5@cdc.gov","(714)733-4783"
"Ann","Hawkins","ahawkinsq6@tripadvisor.com","(515)257-5809"
"Walter","Henry","whenryq7@reverbnation.com","(317)448-0530"
"Laura","Wilson","lwilsonq8@bluehost.com","(806)679-2197"
"Joshua","Clark","jclarkq9@taobao.com","(850)758-3288"
"Douglas","Gray","dgrayqa@multiply.com","(314)660-5133"
"Ruth","Long","rlongqb@posterous.com","(202)682-5794"
"Brenda","Harrison","bharrisonqc@auda.org.au","(605)835-2328"
"Sandra","Ward","swardqd@miibeian.gov.cn","(928)563-0560"
"Craig","Cook","ccookqe@free.fr","(757)831-8996"
"Amy","Walker","awalkerqf@4shared.com","(603)621-4186"
"Maria","Garcia","mgarciaqg@live.com","(401)335-1671"
"Shirley","Long","slongqh@gnu.org","(850)971-7975"
"Debra","Rivera","driveraqi@accuweather.com","(304)738-8755"
"Jesse","Franklin","jfranklinqj@desdev.cn","(503)572-6870"
"Linda","Moore","lmooreqk@wired.com","(704)832-9411"
"Deborah","Carpenter","dcarpenterql@blinklist.com","(719)330-2371"
"Clarence","Moore","cmooreqm@4shared.com","(214)761-0340"
"James","Stone","jstoneqn@quantcast.com","(814)382-2841"
"John","Stevens","jstevensqo@cnbc.com","(480)708-3636"
"Linda","Grant","lgrantqp@livejournal.com","(212)229-5864"
"Laura","Bradley","lbradleyqq@yandex.ru","(319)656-5018"
"Lori","Parker","lparkerqr@paypal.com","(305)985-9164"
"Terry","Holmes","tholmesqs@purevolume.com","(937)432-5651"
"Teresa","Arnold","tarnoldqt@woothemes.com","(251)243-8568"
"Matthew","Snyder","msnyderqu@reference.com","(304)568-0522"
"Jose","Nelson","jnelsonqv@yale.edu","(303)158-9136"
"Gloria","Hughes","ghughesqw@51.la","(304)499-6990"
"Terry","Rodriguez","trodriguezqx@prweb.com","(202)963-6366"
"Carolyn","Welch","cwelchqy@tinypic.com","(808)537-4851"
"Cynthia","Matthews","cmatthewsqz@merriam-webster.com","(202)626-9439"
"Shawn","Rice","sricer0@dedecms.com","(248)682-3907"
"Debra","Ford","dfordr1@economist.com","(716)253-0208"
"Jacqueline","Ward","jwardr2@hao123.com","(601)351-2679"
"Shirley","Walker","swalkerr3@tumblr.com","(515)365-5774"
"James","Miller","jmillerr4@tamu.edu","(561)650-9721"
"Jerry","Welch","jwelchr5@scientificamerican.com","(314)905-1639"
"Amy","Sanders","asandersr6@cisco.com","(309)696-8434"
"Randy","Daniels","rdanielsr7@lulu.com","(952)340-0298"
"Pamela","Alvarez","palvarezr8@opensource.org","(315)173-9012"
"Steve","Butler","sbutlerr9@stanford.edu","(719)138-8823"
"Todd","Bowman","tbowmanra@arstechnica.com","(469)335-2374"
"Mark","West","mwestrb@dagondesign.com","(205)801-0026"
"Nicholas","Wells","nwellsrc@hibu.com","(614)682-5762"
"Ruby","Moreno","rmorenord@naver.com","(404)601-6998"
"Ashley","West","awestre@devhub.com","(218)232-9304"
"Lawrence","Grant","lgrantrf@weibo.com","(720)176-5507"
"John","Kim","jkimrg@ox.ac.uk","(901)402-5175"
"Emily","Ross","erossrh@cdbaby.com","(404)435-8865"
"Martha","Palmer","mpalmerri@com.com","(312)538-0738"
"Beverly","Burke","bburkerj@disqus.com","(202)105-2942"
"Todd","Mitchell","tmitchellrk@sourceforge.net","(209)752-5895"
"Helen","Carter","hcarterrl@seattletimes.com","(412)548-5472"
"Benjamin","Schmidt","bschmidtrm@cbc.ca","(916)821-6533"
"Helen","Castillo","hcastillorn@behance.net","(918)612-1410"
"Peter","Crawford","pcrawfordro@de.vu","(757)162-1265"
"Samuel","Fields","sfieldsrp@reverbnation.com","(304)197-3872"
"Michael","Gonzalez","mgonzalezrq@hud.gov","(540)782-9635"
"Louise","Morrison","lmorrisonrr@nifty.com","(786)955-3070"
